"C_Name","T_Name","Substitu","group","io","User_","PowerSum_","無老年人口戶數比例","戶長平均年齡","所得中位數"
"新北市","新莊區","中華里","A","inner",0.696,0.731,0.285,0.396,0.3
"新北市","新莊區","中隆里","A","outter",0.656,0.751,0.232,0.324,0.328
"新北市","新莊區","中原里","A","outter",0.811,0.827,0.209,0.308,0.31
"新北市","新莊區","中信里","A","inner",0.766,0.76,0.22,0.333,0.284
"新北市","新莊區","四維里","A","inner",0.738,0.737,0.31,0.428,0.223
"新北市","新莊區","建福里","A","outter",0.648,0.659,0.303,0.49,0.206
"新北市","新莊區","中宏里","A","outter",0.673,0.676,0.314,0.431,0.289
"新北市","新莊區","中全里","A","inner",0.677,0.658,0.34,0.449,0.186
"新北市","新莊區","立泰里","A","inner",0.726,0.711,0.359,0.446,0.275
"新北市","新莊區","全泰里","A","outter",0.718,0.725,0.423,0.546,0.348
"新北市","新莊區","仁義里","A","inner",0.713,0.696,0.396,0.49,0.197
"新北市","新莊區","立基里","A","inner",0.77,0.762,0.306,0.433,0.337
"新北市","新莊區","昌明里","A","inner",0.676,0.629,0.262,0.446,0.257
"新北市","新莊區","昌平里","A","inner",0.784,0.772,0.175,0.249,0.379
"新北市","新莊區","文聖里","A","inner",0.724,0.708,0.468,0.528,0.322
"新北市","新莊區","萬安里","A","inner",0.661,0.662,0.27,0.408,0.231
"新北市","新莊區","龍安里","A","inner",0.654,0.642,0.311,0.484,0.184
"新北市","新莊區","福營里","A","outter",0.769,0.864,0.439,0.496,0.227
"新北市","新莊區","後德里","A","inner",0.662,0.647,0.267,0.467,0.309
"新北市","新莊區","建安里","A","inner",0.759,0.776,0.216,0.344,0.298
"新北市","新莊區","成德里","A","inner",0.758,0.729,0.258,0.386,0.251
"新北市","新莊區","福興里","A","outter",0.816,0.881,0.239,0.344,0.285
"新北市","新莊區","昌信里","A","inner",0.686,0.631,0.198,0.3,0.398
"新北市","淡水區","文化里","A","inner",0.683,0.649,0.438,0.513,0.344
"新北市","淡水區","油車里","A","outter",0.801,0.757,0.404,0.5,0.318
"新北市","淡水區","沙崙里","A","outter",0.824,0.758,0.351,0.453,0.251
"新北市","淡水區","新義里","A","inner",0.738,0.717,0.409,0.519,0.225
"新北市","淡水區","新春里","A","outter",0.823,0.746,0.257,0.327,0.42
"新北市","淡水區","新民里","A","inner",0.76,0.727,0.328,0.437,0.379
"新北市","淡水區","正德里","A","outter",0.816,0.75,0.234,0.307,0.387
"新北市","淡水區","北新里","A","inner",0.775,0.747,0.206,0.31,0.415
"新北市","淡水區","民權里","A","inner",0.756,0.739,0.315,0.431,0.381
"新北市","淡水區","幸福里","A","inner",0.754,0.776,0.455,0.58,0.276
"新北市","淡水區","學府里","A","outter",0.833,0.789,0.295,0.375,0.305
"新北市","淡水區","大庄里","A","inner",0.671,0.636,0.315,0.388,0.34
"新北市","汐止區","義民里","A","inner",0.646,0.631,0.553,0.678,0.224
"新北市","汐止區","禮門里","A","inner",0.617,0.594,0.541,0.622,0.276
"新北市","汐止區","智慧里","A","outter",0.81,0.806,0.301,0.38,0.424
"新北市","汐止區","信望里","A","inner",0.55,0.546,0.645,0.755,0.177
"新北市","汐止區","橋東里","A","inner",0.602,0.655,0.355,0.452,0.307
"新北市","汐止區","秀峰里","A","inner",0.771,0.77,0.33,0.467,0.262
"新北市","汐止區","新昌里","A","inner",0.708,0.721,0.425,0.509,0.33
"新北市","汐止區","復興里","A","outter",0.826,0.827,0.27,0.368,0.504
"新北市","汐止區","茄苳里","A","inner",0.731,0.716,0.306,0.385,0.269
"新北市","汐止區","長安里","A","inner",0.637,0.641,0.505,0.63,0.219
"新北市","汐止區","保安里","A","inner",0.715,0.73,0.464,0.563,0.248
"新北市","汐止區","保長里","A","inner",0.465,0.507,0.335,0.368,0.278
"新北市","汐止區","鄉長里","A","inner",0.659,0.616,0.403,0.522,0.251
"新北市","汐止區","江北里","A","inner",0.741,0.752,0.337,0.431,0.26
"新北市","汐止區","拱北里","A","outter",0.782,0.713,0.333,0.451,0.215
"新北市","汐止區","烘內里","A","inner",0.63,0.575,0.465,0.562,0.345
"新北市","板橋區","溪北里","A","outter",0.7,0.687,0.41,0.483,0.242
"新北市","板橋區","香雅里","A","outter",0.469,0.707,0.458,0.545,0.271
"新北市","板橋區","新生里","A","inner",0.673,0.666,0.4,0.558,0.257
"新北市","板橋區","文德里","A","inner",0.672,0.69,0.393,0.484,0.317
"新北市","板橋區","文化里","A","inner",0.74,0.722,0.439,0.522,0.287
"新北市","板橋區","新海里","A","outter",0.632,0.703,0.306,0.489,0.205
"新北市","板橋區","莒光里","A","inner",0.72,0.74,0.467,0.541,0.351
"新北市","板橋區","富貴里","A","inner",0.676,0.696,0.476,0.578,0.361
"新北市","板橋區","正泰里","A","outter",0.591,0.578,0.382,0.523,0.276
"新北市","板橋區","民生里","A","inner",0.649,0.663,0.335,0.421,0.358
"新北市","板橋區","後埔里","A","outter",0.728,0.67,0.401,0.508,0.38
"新北市","板橋區","華福里","A","inner",0.609,0.594,0.431,0.606,0.277
"新北市","板橋區","堂春里","A","inner",0.707,0.689,0.263,0.414,0.237
"新北市","板橋區","成和里","A","outter",0.803,0.744,0.237,0.294,0.303
"新北市","板橋區","光榮里","A","inner",0.648,0.617,0.521,0.596,0.279
"新北市","板橋區","民安里","A","outter",0.626,0.639,0.61,0.658,0.277
"新北市","板橋區","陽明里","A","inner",0.667,0.709,0.505,0.591,0.278
"新北市","板橋區","朝陽里","A","inner",0.685,0.671,0.427,0.536,0.247
"新北市","板橋區","松柏里","A","inner",0.691,0.715,0.38,0.486,0.296
"新北市","板橋區","文聖里","A","inner",0.687,0.664,0.327,0.475,0.322
"新北市","板橋區","居仁里","A","inner",0.591,0.604,0.353,0.506,0.267
"新北市","板橋區","莊敬里","A","inner",0.713,0.679,0.243,0.362,0.489
"新北市","板橋區","東安里","A","inner",0.582,0.596,0.32,0.457,0.259
"新北市","板橋區","五權里","A","inner",0.685,0.652,0.453,0.535,0.249
"新北市","板橋區","溪福里","A","outter",0.85,0.829,0.201,0.293,0.34
"新北市","板橋區","大觀里","A","inner",0.695,0.64,0.273,0.441,0.221
"新北市","板橋區","歡園里","A","inner",0.694,0.662,0.445,0.578,0.219
"新北市","三重區","大有里","A","outter",0.774,0.789,0.319,0.472,0.216
"新北市","樹林區","圳安里","A","inner",0.715,0.74,0.208,0.322,0.249
"新北市","樹林區","保安里","A","inner",0.754,0.754,0.413,0.504,0.255
"新北市","樹林區","[槍]寮里","A","outter",0.765,0.788,0.264,0.373,0.23
"新北市","樹林區","樹德里","A","outter",0.678,0.656,0.465,0.562,0.242
"新北市","樹林區","樹西里","A","inner",0.75,0.747,0.468,0.566,0.339
"新北市","樹林區","樹南里","A","inner",0.686,0.666,0.343,0.496,0.315
"新北市","樹林區","樹人里","A","inner",0.636,0.633,0.433,0.476,0.276
"新北市","樹林區","樹東里","A","inner",0.724,0.706,0.518,0.596,0.218
"新北市","樹林區","大同里","A","inner",0.681,0.668,0.25,0.374,0.302
"新北市","樹林區","和平里","A","inner",0.707,0.685,0.43,0.531,0.222
"新北市","樹林區","彭厝里","A","inner",0.737,0.761,0.244,0.359,0.247
"新北市","樹林區","彭福里","A","inner",0.723,0.701,0.298,0.41,0.262
"新北市","樹林區","東陽里","A","inner",0.745,0.731,0.316,0.404,0.257
"新北市","樹林區","東昇里","A","inner",0.711,0.722,0.294,0.404,0.254
"新北市","樹林區","東園里","A","inner",0.576,0.668,0.49,0.572,0.258
"新北市","樹林區","西園里","A","inner",0.572,0.609,0.461,0.586,0.242
"新北市","樹林區","南園里","C","outter",0.951,0.918,0.221,0.19,0.509
"新北市","樹林區","北園里","A","inner",0.624,0.705,0.385,0.516,0.23
"新北市","樹林區","柑園里","A","outter",0.614,0.7,0.267,0.278,0.536
"新北市","樹林區","樹北里","A","inner",0.618,0.653,0.635,0.696,0.266
"新北市","樹林區","圳福里","A","inner",0.688,0.667,0.286,0.421,0.232
"新北市","土城區","清溪里","A","inner",0.782,0.769,0.345,0.471,0.284
"新北市","土城區","[峰]廷里","A","outter",0.756,0.731,0.26,0.42,0.201
"新北市","土城區","平和里","A","inner",0.725,0.72,0.262,0.425,0.222
"新北市","土城區","廷寮里","A","inner",0.707,0.722,0.281,0.415,0.259
"新北市","土城區","大安里","A","outter",0.726,0.834,0.347,0.463,0.257
"新北市","土城區","永寧里","A","outter",0.812,0.786,0.32,0.406,0.259
"新北市","土城區","沛陂里","A","outter",0.837,0.853,0.281,0.344,0.258
"新北市","土城區","頂埔里","A","inner",0.698,0.746,0.331,0.423,0.26
"新北市","土城區","頂福里","A","outter",0.794,0.762,0.418,0.476,0.215
"新北市","土城區","頂新里","A","inner",0.608,0.587,0.324,0.343,0.421
"新北市","土城區","祖田里","A","inner",0.685,0.649,0.376,0.525,0.197
"新北市","土城區","樂利里","A","inner",0.749,0.736,0.244,0.429,0.248
"新北市","土城區","廣福里","A","inner",0.713,0.676,0.253,0.409,0.339
"新北市","土城區","學府里","A","inner",0.648,0.707,0.241,0.434,0.256
"新北市","土城區","延壽里","A","inner",0.755,0.726,0.288,0.441,0.228
"新北市","土城區","安和里","A","inner",0.728,0.698,0.255,0.398,0.239
"新北市","土城區","青雲里","A","inner",0.71,0.692,0.381,0.468,0.24
"新北市","土城區","員福里","A","inner",0.732,0.731,0.356,0.483,0.244
"新北市","土城區","延吉里","A","inner",0.72,0.69,0.348,0.471,0.196
"新北市","土城區","復興里","A","outter",0.714,0.697,0.31,0.473,0.263
"新北市","土城區","裕生里","A","inner",0.747,0.755,0.31,0.405,0.274
"新北市","土城區","員信里","A","inner",0.707,0.715,0.324,0.468,0.258
"新北市","土城區","永富里","A","inner",0.718,0.595,0.256,0.403,0.227
"新北市","土城區","學成里","A","inner",0.635,0.628,0.255,0.449,0.281
"新北市","土城區","延和里","A","inner",0.77,0.725,0.242,0.373,0.268
"新北市","土城區","中正里","A","inner",0.645,0.618,0.242,0.369,0.318
"新北市","土城區","學士里","A","inner",0.739,0.709,0.238,0.364,0.431
"新北市","土城區","明德里","A","inner",0.667,0.675,0.21,0.307,0.453
"新北市","土城區","廣興里","A","outter",0.689,0.66,0.248,0.362,0.313
"新北市","土城區","青山里","A","inner",0.656,0.622,0.361,0.492,0.221
"新北市","土城區","金城里","A","inner",0.757,0.72,0.222,0.333,0.331
"新北市","土城區","延祿里","A","inner",0.622,0.563,0.288,0.408,0.248
"新北市","蘆洲區","正義里","A","outter",0.859,0.88,0.19,0.173,0.524
"新北市","蘆洲區","中原里","A","inner",0.737,0.751,0.291,0.378,0.237
"新北市","蘆洲區","中路里","A","outter",0.736,0.772,0.333,0.432,0.253
"新北市","蘆洲區","光華里","A","inner",0.712,0.736,0.364,0.491,0.273
"新北市","蘆洲區","保佑里","A","inner",0.711,0.718,0.422,0.503,0.226
"新北市","蘆洲區","水湳里","A","outter",0.813,0.802,0.262,0.348,0.307
"新北市","蘆洲區","樓厝里","A","outter",0.765,0.784,0.283,0.38,0.296
"新北市","蘆洲區","鷺江里","A","inner",0.75,0.741,0.301,0.42,0.279
"新北市","蘆洲區","恆德里","A","outter",0.804,0.798,0.343,0.453,0.287
"新北市","蘆洲區","溪墘里","A","outter",0.727,0.723,0.429,0.559,0.269
"新北市","蘆洲區","樹德里","A","inner",0.675,0.682,0.412,0.525,0.284
"新北市","蘆洲區","保和里","A","inner",0.738,0.727,0.381,0.519,0.223
"新北市","蘆洲區","仁復里","A","inner",0.645,0.672,0.42,0.489,0.282
"新北市","蘆洲區","得勝里","A","inner",0.681,0.688,0.519,0.588,0.206
"新北市","蘆洲區","南港里","A","inner",0.744,0.75,0.265,0.384,0.262
"新北市","蘆洲區","永樂里","A","inner",0.729,0.732,0.266,0.366,0.297
"新北市","蘆洲區","永康里","A","inner",0.725,0.717,0.215,0.319,0.287
"新北市","蘆洲區","信義里","A","inner",0.666,0.666,0.308,0.464,0.201
"新北市","蘆洲區","玉清里","A","inner",0.747,0.748,0.281,0.385,0.298
"新北市","蘆洲區","復興里","A","outter",0.818,0.838,0.291,0.419,0.225
"新北市","蘆洲區","水河里","A","outter",0.857,0.855,0.255,0.366,0.262
"新北市","蘆洲區","仁愛里","A","inner",0.65,0.67,0.261,0.436,0.254
"新北市","蘆洲區","忠義里","A","inner",0.689,0.72,0.267,0.366,0.255
"新北市","蘆洲區","九芎里","A","inner",0.733,0.742,0.271,0.388,0.245
"新北市","板橋區","留侯里","A","inner",0.647,0.635,0.429,0.518,0.292
"新北市","板橋區","流芳里","A","inner",0.659,0.639,0.52,0.561,0.313
"新北市","板橋區","赤松里","A","inner",0.563,0.588,0.566,0.635,0.42
"新北市","板橋區","黃石里","A","inner",0.613,0.679,0.565,0.634,0.231
"新北市","板橋區","挹秀里","A","inner",0.631,0.683,0.526,0.625,0.427
"新北市","板橋區","湳興里","A","outter",0.79,0.788,0.404,0.476,0.3
"新北市","板橋區","新興里","A","outter",0.73,0.742,0.425,0.457,0.295
"新北市","板橋區","社後里","A","inner",0.756,0.757,0.329,0.493,0.245
"新北市","板橋區","香社里","A","inner",0.739,0.705,0.425,0.542,0.285
"新北市","板橋區","中正里","A","inner",0.729,0.718,0.368,0.486,0.289
"新北市","板橋區","自強里","A","inner",0.723,0.7,0.549,0.622,0.371
"新北市","板橋區","自立里","A","inner",0.662,0.63,0.491,0.571,0.248
"新北市","板橋區","光華里","A","inner",0.652,0.64,0.481,0.569,0.305
"新北市","板橋區","國光里","A","inner",0.633,0.666,0.525,0.626,0.453
"新北市","板橋區","港尾里","A","inner",0.64,0.654,0.34,0.46,0.388
"新北市","板橋區","金華里","A","inner",0.68,0.64,0.433,0.528,0.235
"新北市","板橋區","港德里","A","inner",0.745,0.73,0.468,0.556,0.272
"新北市","板橋區","民權里","A","inner",0.691,0.637,0.603,0.672,0.273
"新北市","板橋區","建國里","A","inner",0.695,0.67,0.499,0.564,0.241
"新北市","板橋區","漢生里","A","inner",0.73,0.729,0.521,0.62,0.331
"新北市","板橋區","公[館]里","A","inner",0.713,0.707,0.502,0.566,0.281
"新北市","板橋區","新民里","A","outter",0.782,0.791,0.453,0.538,0.333
"新北市","板橋區","幸福里","A","inner",0.718,0.692,0.476,0.558,0.248
"新北市","板橋區","忠誠里","A","inner",0.714,0.746,0.535,0.642,0.378
"新北市","板橋區","百壽里","A","inner",0.626,0.613,0.485,0.57,0.27
"新北市","板橋區","介壽里","A","inner",0.681,0.702,0.485,0.591,0.289
"新北市","板橋區","新埔里","A","inner",0.661,0.696,0.516,0.572,0.312
"新北市","板橋區","華江里","A","outter",0.801,0.791,0.286,0.346,0.454
"新北市","板橋區","江翠里","A","outter",0.742,0.777,0.439,0.547,0.28
"新北市","板橋區","純翠里","A","inner",0.696,0.707,0.399,0.481,0.307
"新北市","板橋區","溪頭里","A","inner",0.746,0.731,0.394,0.49,0.284
"新北市","板橋區","聯翠里","A","inner",0.725,0.742,0.376,0.433,0.458
"新北市","板橋區","宏翠里","A","inner",0.756,0.753,0.266,0.304,0.341
"新北市","板橋區","仁翠里","A","inner",0.649,0.659,0.456,0.576,0.215
"新北市","板橋區","新翠里","A","inner",0.777,0.771,0.282,0.42,0.355
"新北市","板橋區","吉翠里","A","inner",0.711,0.691,0.331,0.496,0.238
"新北市","板橋區","德翠里","A","inner",0.762,0.73,0.237,0.338,0.366
"新北市","板橋區","滿翠里","A","inner",0.678,0.674,0.478,0.595,0.221
"新北市","板橋區","明翠里","A","inner",0.718,0.699,0.464,0.554,0.249
"新北市","板橋區","松翠里","A","inner",0.707,0.73,0.428,0.537,0.293
"新北市","板橋區","柏翠里","A","inner",0.756,0.766,0.398,0.435,0.344
"新北市","板橋區","龍翠里","A","inner",0.751,0.749,0.355,0.457,0.317
"新北市","板橋區","華翠里","A","inner",0.71,0.711,0.368,0.478,0.317
"新北市","板橋區","忠翠里","A","outter",0.828,0.837,0.264,0.355,0.565
"新北市","板橋區","嵐翠里","A","inner",0.663,0.679,0.447,0.556,0.247
"新北市","板橋區","文翠里","A","inner",0.747,0.747,0.488,0.566,0.281
"新北市","板橋區","青翠里","A","inner",0.652,0.69,0.435,0.523,0.268
"新北市","板橋區","懷翠里","A","inner",0.75,0.725,0.393,0.502,0.254
"新北市","板橋區","福翠里","A","inner",0.627,0.634,0.538,0.611,0.24
"新北市","板橋區","港嘴里","A","inner",0.761,0.773,0.378,0.482,0.278
"新北市","板橋區","振興里","A","inner",0.749,0.727,0.464,0.569,0.257
"新北市","板橋區","振義里","A","inner",0.735,0.698,0.427,0.518,0.286
"新北市","板橋區","光復里","A","inner",0.674,0.636,0.414,0.509,0.316
"新北市","板橋區","埔墘里","A","inner",0.757,0.752,0.362,0.459,0.31
"新北市","板橋區","長壽里","A","inner",0.724,0.731,0.49,0.625,0.27
"新北市","板橋區","福壽里","A","inner",0.693,0.667,0.386,0.51,0.318
"新北市","板橋區","海山里","A","outter",0.765,0.788,0.348,0.429,0.385
"新北市","板橋區","九如里","A","inner",0.682,0.682,0.471,0.567,0.261
"新北市","板橋區","玉光里","A","inner",0.731,0.726,0.361,0.431,0.291
"新北市","板橋區","光仁里","A","inner",0.693,0.719,0.497,0.583,0.24
"新北市","板橋區","埤墘里","A","outter",0.72,0.707,0.375,0.45,0.324
"新北市","板橋區","永安里","A","inner",0.676,0.657,0.393,0.46,0.309
"新北市","板橋區","雙玉里","A","inner",0.732,0.705,0.414,0.486,0.294
"新北市","板橋區","廣新里","A","outter",0.669,0.669,0.458,0.558,0.272
"新北市","板橋區","深丘里","A","outter",0.81,0.8,0.289,0.359,0.507
"新北市","板橋區","香丘里","A","inner",0.684,0.683,0.386,0.503,0.303
"新北市","板橋區","西安里","A","inner",0.675,0.65,0.483,0.567,0.298
"新北市","板橋區","東丘里","A","inner",0.756,0.764,0.456,0.533,0.312
"新北市","板橋區","長安里","A","inner",0.71,0.698,0.301,0.41,0.324
"新北市","板橋區","福丘里","A","outter",0.763,0.79,0.314,0.351,0.594
"新北市","板橋區","福祿里","A","inner",0.743,0.688,0.387,0.479,0.362
"新北市","板橋區","民族里","A","inner",0.712,0.689,0.358,0.401,0.377
"新北市","板橋區","國泰里","A","outter",0.713,0.655,0.42,0.508,0.359
"新北市","板橋區","福德里","A","inner",0.732,0.702,0.493,0.543,0.333
"新北市","板橋區","景星里","A","inner",0.75,0.756,0.418,0.489,0.361
"新北市","板橋區","福星里","A","outter",0.766,0.741,0.463,0.554,0.397
"新北市","板橋區","鄉雲里","A","inner",0.774,0.768,0.413,0.471,0.297
"新北市","板橋區","廣德里","A","inner",0.786,0.753,0.375,0.466,0.337
"新北市","板橋區","大豐里","A","inner",0.714,0.692,0.482,0.584,0.251
"新北市","板橋區","重慶里","A","outter",0.827,0.8,0.297,0.43,0.297
"新北市","板橋區","仁愛里","A","inner",0.678,0.64,0.514,0.645,0.283
"新北市","板橋區","和平里","A","inner",0.696,0.688,0.221,0.172,0.567
"新北市","板橋區","廣福里","A","inner",0.745,0.743,0.309,0.433,0.29
"新北市","板橋區","華興里","A","outter",0.692,0.664,0.369,0.481,0.359
"新北市","板橋區","華貴里","A","inner",0.661,0.635,0.495,0.562,0.248
"新北市","板橋區","華德里","A","outter",0.799,0.746,0.328,0.399,0.344
"新北市","板橋區","華東里","A","outter",0.826,0.809,0.336,0.402,0.446
"新北市","板橋區","信義里","A","inner",0.691,0.688,0.447,0.521,0.274
"新北市","板橋區","浮洲里","A","inner",0.755,0.717,0.449,0.594,0.234
"新北市","板橋區","華中里","A","inner",0.701,0.676,0.294,0.472,0.214
"新北市","板橋區","僑中里","A","inner",0.665,0.544,0.243,0.442,0.211
"新北市","板橋區","中山里","A","inner",0.75,0.711,0.429,0.514,0.21
"新北市","板橋區","復興里","A","inner",0.581,0.58,0.402,0.566,0.169
"新北市","板橋區","大安里","A","inner",0.598,0.577,0.45,0.539,0.23
"新北市","板橋區","福安里","A","inner",0.594,0.561,0.462,0.578,0.23
"新北市","板橋區","聚安里","A","inner",0.752,0.709,0.351,0.481,0.235
"新北市","板橋區","龍安里","A","inner",0.602,0.659,0.456,0.572,0.224
"新北市","板橋區","崑崙里","A","outter",0.796,0.781,0.275,0.341,0.295
"新北市","板橋區","溪洲里","A","inner",0.767,0.74,0.362,0.507,0.264
"新北市","三重區","二重里","A","inner",0.666,0.669,0.453,0.572,0.192
"新北市","三重區","頂崁里","A","outter",0.698,0.854,0.366,0.496,0.248
"新北市","三重區","谷王里","A","outter",0.591,0.715,0.587,0.7,0.248
"新北市","三重區","中興里","B","outter",0.795,0.915,0.4,0.539,0.232
"新北市","三重區","德厚里","A","outter",0.521,0.68,0.661,0.724,0.218
"新北市","三重區","成功里","A","outter",0.797,0.758,0.296,0.365,0.375
"新北市","三重區","福祉里","A","inner",0.764,0.745,0.332,0.393,0.351
"新北市","三重區","福民里","A","inner",0.693,0.687,0.444,0.539,0.248
"新北市","三重區","過田里","A","inner",0.788,0.767,0.288,0.459,0.294
"新北市","三重區","錦田里","A","inner",0.551,0.55,0.496,0.618,0.268
"新北市","三重區","重明里","A","outter",0.685,0.686,0.451,0.517,0.357
"新北市","三重區","光田里","A","inner",0.743,0.709,0.443,0.531,0.297
"新北市","三重區","光陽里","A","inner",0.774,0.767,0.382,0.501,0.291
"新北市","三重區","田心里","A","inner",0.715,0.696,0.485,0.563,0.214
"新北市","三重區","福田里","A","outter",0.629,0.645,0.357,0.51,0.23
"新北市","三重區","田中里","A","inner",0.75,0.731,0.379,0.484,0.266
"新北市","三重區","田安里","A","inner",0.775,0.757,0.391,0.5,0.283
"新北市","三重區","三民里","A","inner",0.699,0.68,0.384,0.494,0.278
"新北市","三重區","光明里","A","outter",0.826,0.807,0.333,0.435,0.312
"新北市","三重區","光正里","A","inner",0.6,0.565,0.243,0.286,0.409
"新北市","三重區","同安里","A","inner",0.597,0.662,0.438,0.553,0.19
"新北市","三重區","同慶里","A","inner",0.662,0.636,0.435,0.529,0.33
"新北市","三重區","菜寮里","A","inner",0.673,0.638,0.476,0.563,0.237
"新北市","三重區","永春里","A","inner",0.621,0.583,0.387,0.493,0.267
"新北市","三重區","中正里","A","inner",0.604,0.573,0.473,0.618,0.231
"新北市","三重區","吉利里","A","inner",0.598,0.567,0.398,0.565,0.193
"新北市","三重區","大同里","A","inner",0.648,0.61,0.362,0.48,0.215
"新北市","三重區","中民里","A","outter",0.615,0.572,0.462,0.634,0.199
"新北市","三重區","平和里","A","outter",0.62,0.583,0.558,0.652,0.164
"新北市","三重區","大安里","A","outter",0.622,0.588,0.503,0.582,0.187
"新北市","三重區","仁德里","A","inner",0.673,0.692,0.53,0.649,0.216
"新北市","三重區","忠孝里","A","inner",0.635,0.656,0.561,0.635,0.228
"新北市","三重區","仁義里","A","outter",0.6,0.578,0.547,0.611,0.228
"新北市","三重區","光榮里","A","outter",0.621,0.61,0.458,0.579,0.277
"新北市","三重區","光輝里","A","inner",0.673,0.67,0.458,0.602,0.219
"新北市","三重區","福星里","A","inner",0.587,0.602,0.434,0.514,0.242
"新北市","三重區","福利里","A","inner",0.6,0.57,0.305,0.385,0.344
"新北市","三重區","清和里","A","outter",0.755,0.632,0.296,0.408,0.349
"新北市","三重區","永興里","A","inner",0.629,0.647,0.382,0.495,0.325
"新北市","三重區","中山里","A","inner",0.732,0.741,0.425,0.533,0.234
"新北市","三重區","大園里","A","inner",0.697,0.653,0.479,0.569,0.23
"新北市","三重區","國隆里","A","inner",0.652,0.634,0.393,0.516,0.279
"新北市","三重區","重陽里","A","inner",0.723,0.704,0.454,0.575,0.255
"新北市","三重區","民生里","A","inner",0.727,0.702,0.448,0.551,0.229
"新北市","三重區","重新里","A","inner",0.628,0.655,0.519,0.634,0.261
"新北市","三重區","正德里","A","inner",0.579,0.594,0.482,0.562,0.207
"新北市","三重區","正義里","A","inner",0.718,0.721,0.451,0.561,0.275
"新北市","三重區","正安里","A","inner",0.665,0.688,0.493,0.608,0.245
"新北市","三重區","自強里","A","outter",0.636,0.661,0.472,0.579,0.221
"新北市","三重區","文化里","A","inner",0.718,0.732,0.609,0.702,0.254
"新北市","三重區","中央里","A","inner",0.646,0.653,0.475,0.535,0.287
"新北市","三重區","雙園里","A","inner",0.599,0.609,0.513,0.602,0.261
"新北市","三重區","錦通里","A","inner",0.636,0.627,0.606,0.701,0.167
"新北市","三重區","錦安里","A","inner",0.637,0.651,0.591,0.678,0.241
"新北市","三重區","長安里","A","outter",0.695,0.678,0.504,0.61,0.236
"新北市","三重區","光華里","A","inner",0.658,0.649,0.44,0.531,0.272
"新北市","三重區","長生里","A","inner",0.553,0.569,0.506,0.597,0.283
"新北市","三重區","開元里","A","outter",0.599,0.593,0.483,0.568,0.261
"新北市","三重區","大德里","A","inner",0.577,0.564,0.527,0.551,0.249
"新北市","三重區","長元里","A","inner",0.644,0.647,0.426,0.564,0.211
"新北市","三重區","長江里","A","outter",0.54,0.635,0.437,0.516,0.276
"新北市","三重區","長泰里","A","inner",0.644,0.642,0.468,0.595,0.206
"新北市","三重區","長福里","A","inner",0.591,0.612,0.468,0.583,0.233
"新北市","三重區","介壽里","A","inner",0.583,0.497,0.51,0.612,0.22
"新北市","三重區","萬壽里","A","inner",0.559,0.572,0.454,0.56,0.268
"新北市","三重區","錦江里","A","outter",0.604,0.611,0.437,0.578,0.191
"新北市","三重區","龍濱里","A","inner",0.695,0.673,0.44,0.523,0.239
"新北市","三重區","龍門里","A","inner",0.66,0.647,0.475,0.561,0.214
"新北市","三重區","秀江里","A","inner",0.571,0.547,0.539,0.623,0.257
"新北市","三重區","奕壽里","A","inner",0.739,0.724,0.424,0.486,0.228
"新北市","三重區","三安里","A","inner",0.713,0.716,0.475,0.541,0.244
"新北市","三重區","福安里","A","inner",0.728,0.706,0.427,0.524,0.246
"新北市","三重區","信安里","A","outter",0.619,0.63,0.414,0.466,0.292
"新北市","三重區","安慶里","A","inner",0.634,0.617,0.436,0.557,0.22
"新北市","三重區","幸福里","A","inner",0.788,0.776,0.427,0.527,0.22
"新北市","三重區","六合里","A","inner",0.746,0.721,0.447,0.55,0.237
"新北市","三重區","六福里","A","inner",0.683,0.7,0.295,0.443,0.229
"新北市","三重區","順德里","A","inner",0.663,0.616,0.51,0.615,0.192
"新北市","三重區","承德里","A","inner",0.663,0.633,0.588,0.633,0.256
"新北市","三重區","瑞德里","A","inner",0.604,0.647,0.527,0.587,0.24
"新北市","三重區","崇德里","A","inner",0.734,0.715,0.488,0.57,0.219
"新北市","三重區","厚德里","A","inner",0.703,0.683,0.388,0.498,0.3
"新北市","新莊區","恆安里","A","inner",0.671,0.645,0.446,0.534,0.328
"新北市","新莊區","後港里","A","inner",0.77,0.745,0.249,0.408,0.256
"新北市","新莊區","文衡里","A","outter",0.63,0.642,0.523,0.6,0.35
"新北市","新莊區","中美里","A","inner",0.734,0.743,0.403,0.495,0.276
"新北市","新莊區","八德里","A","inner",0.728,0.72,0.335,0.439,0.201
"新北市","新莊區","興漢里","A","inner",0.716,0.752,0.556,0.615,0.276
"新北市","新莊區","中和里","A","inner",0.717,0.685,0.473,0.58,0.24
"新北市","新莊區","西盛里","A","outter",0.85,0.878,0.22,0.268,0.314
"新北市","新莊區","榮和里","A","inner",0.724,0.727,0.305,0.46,0.269
"新北市","新莊區","中泰里","A","inner",0.707,0.7,0.487,0.538,0.213
"新北市","新莊區","瓊林里","A","outter",0.835,0.849,0.454,0.534,0.22
"新北市","新莊區","文德里","A","inner",0.633,0.636,0.454,0.532,0.352
"新北市","新莊區","中誠里","A","inner",0.652,0.643,0.396,0.482,0.236
"新北市","新莊區","裕民里","A","inner",0.769,0.749,0.314,0.44,0.222
"新北市","新莊區","文明里","A","inner",0.75,0.773,0.507,0.602,0.312
"新北市","新莊區","中港里","A","inner",0.76,0.778,0.285,0.431,0.301
"新北市","新莊區","富國里","A","outter",0.662,0.66,0.336,0.476,0.207
"新北市","新莊區","思源里","A","outter",0.772,0.828,0.378,0.472,0.263
"新北市","新莊區","立人里","A","inner",0.684,0.675,0.547,0.606,0.358
"新北市","新莊區","南港里","A","inner",0.707,0.691,0.255,0.388,0.254
"新北市","三重區","維德里","A","inner",0.688,0.675,0.399,0.509,0.219
"新北市","三重區","尚德里","A","inner",0.724,0.712,0.444,0.54,0.217
"新北市","三重區","培德里","A","inner",0.754,0.747,0.415,0.524,0.26
"新北市","三重區","永德里","A","inner",0.732,0.702,0.416,0.543,0.227
"新北市","三重區","永盛里","A","inner",0.685,0.671,0.42,0.521,0.222
"新北市","三重區","永福里","A","inner",0.768,0.743,0.345,0.446,0.227
"新北市","三重區","永清里","A","inner",0.711,0.7,0.335,0.477,0.246
"新北市","三重區","永安里","A","inner",0.694,0.692,0.331,0.435,0.245
"新北市","三重區","永煇里","A","inner",0.659,0.642,0.388,0.528,0.197
"新北市","三重區","溪美里","A","outter",0.807,0.774,0.319,0.42,0.265
"新北市","三重區","福隆里","A","inner",0.777,0.773,0.309,0.426,0.284
"新北市","三重區","五常里","A","inner",0.723,0.718,0.4,0.514,0.226
"新北市","三重區","五福里","A","inner",0.723,0.701,0.324,0.378,0.311
"新北市","三重區","仁忠里","A","inner",0.599,0.622,0.388,0.526,0.192
"新北市","三重區","慈福里","A","inner",0.64,0.612,0.49,0.575,0.197
"新北市","三重區","慈生里","A","inner",0.674,0.643,0.545,0.627,0.194
"新北市","三重區","慈惠里","A","inner",0.622,0.623,0.478,0.573,0.196
"新北市","三重區","慈愛里","A","outter",0.701,0.676,0.436,0.561,0.214
"新北市","三重區","慈化里","A","inner",0.618,0.632,0.386,0.478,0.222
"新北市","三重區","慈祐里","A","inner",0.756,0.714,0.429,0.508,0.24
"新北市","三重區","五華里","A","inner",0.738,0.702,0.305,0.382,0.342
"新北市","三重區","富貴里","A","outter",0.84,0.797,0.252,0.327,0.388
"新北市","三重區","富華里","A","inner",0.665,0.609,0.367,0.433,0.267
"新北市","三重區","富福里","A","inner",0.703,0.671,0.377,0.509,0.196
"新北市","三重區","碧華里","A","outter",0.797,0.768,0.233,0.262,0.48
"新北市","三重區","五谷里","A","outter",0.7,0.814,0.467,0.592,0.29
"新北市","三重區","博愛里","A","inner",0.688,0.694,0.358,0.507,0.227
"新北市","三重區","福德里","A","inner",0.712,0.706,0.358,0.455,0.261
"新北市","三重區","永吉里","A","inner",0.655,0.632,0.334,0.447,0.251
"新北市","三重區","永發里","A","outter",0.751,0.826,0.277,0.391,0.284
"新北市","三重區","永順里","A","inner",0.719,0.68,0.307,0.436,0.195
"新北市","三重區","永豐里","A","inner",0.714,0.682,0.264,0.398,0.238
"新北市","三重區","立德里","A","inner",0.727,0.704,0.43,0.553,0.268
"新北市","三重區","福樂里","A","inner",0.731,0.707,0.398,0.49,0.199
"新北市","三重區","仁華里","A","inner",0.716,0.691,0.334,0.429,0.258
"新北市","三重區","五順里","A","inner",0.713,0.666,0.382,0.497,0.202
"新北市","中和區","中原里","B","outter",0.878,1,0.31,0.396,0.312
"新北市","中和區","平河里","B","outter",0.862,0.971,0.291,0.372,0.35
"新北市","中和區","信和里","A","inner",0.685,0.686,0.465,0.555,0.249
"新北市","中和區","仁和里","A","inner",0.72,0.685,0.407,0.547,0.258
"新北市","中和區","中正里","A","outter",0.702,0.664,0.425,0.541,0.226
"新北市","中和區","建和里","A","outter",0.699,0.673,0.564,0.65,0.256
"新北市","中和區","連和里","A","outter",0.7,0.832,0.382,0.37,0.387
"新北市","中和區","連城里","A","inner",0.78,0.765,0.503,0.562,0.344
"新北市","中和區","力行里","A","inner",0.778,0.748,0.337,0.413,0.407
"新北市","中和區","枋寮里","A","inner",0.706,0.709,0.477,0.544,0.308
"新北市","中和區","漳和里","A","inner",0.742,0.726,0.412,0.506,0.343
"新北市","中和區","廟美里","A","inner",0.734,0.747,0.499,0.593,0.284
"新北市","中和區","福真里","A","inner",0.744,0.72,0.407,0.531,0.294
"新北市","中和區","福善里","A","inner",0.767,0.753,0.426,0.501,0.273
"新北市","中和區","福美里","A","inner",0.753,0.727,0.444,0.576,0.26
"新北市","中和區","福祥里","A","inner",0.703,0.713,0.402,0.475,0.269
"新北市","中和區","瓦[瑤]里","A","inner",0.748,0.721,0.448,0.503,0.316
"新北市","中和區","福和里","A","inner",0.705,0.683,0.469,0.596,0.289
"新北市","中和區","佳和里","A","inner",0.742,0.732,0.448,0.524,0.328
"新北市","中和區","安樂里","A","inner",0.736,0.726,0.425,0.565,0.462
"新北市","中和區","安和里","A","inner",0.724,0.659,0.448,0.504,0.416
"新北市","中和區","安平里","A","inner",0.746,0.746,0.453,0.499,0.466
"新北市","中和區","中安里","A","inner",0.761,0.761,0.468,0.564,0.469
"新北市","中和區","泰安里","A","inner",0.751,0.735,0.536,0.605,0.27
"新北市","中和區","新南里","A","inner",0.775,0.744,0.342,0.432,0.472
"新北市","中和區","南山里","A","inner",0.743,0.713,0.408,0.481,0.439
"新北市","中和區","秀山里","A","inner",0.752,0.717,0.437,0.555,0.287
"新北市","中和區","秀成里","A","inner",0.683,0.618,0.399,0.525,0.316
"新北市","中和區","秀福里","A","inner",0.71,0.688,0.449,0.56,0.355
"新北市","中和區","秀景里","C","outter",1,0.931,0.389,0.49,0.405
"新北市","中和區","秀明里","A","outter",0.724,0.687,0.437,0.496,0.375
"新北市","中和區","秀峰里","A","inner",0.615,0.576,0.382,0.464,0.342
"新北市","中和區","秀仁里","A","inner",0.697,0.646,0.423,0.485,0.384
"新北市","中和區","頂南里","A","inner",0.672,0.663,0.433,0.562,0.309
"新北市","中和區","華新里","A","outter",0.78,0.723,0.358,0.404,0.301
"新北市","中和區","東南里","A","inner",0.727,0.689,0.663,0.702,0.286
"新北市","中和區","華南里","A","inner",0.732,0.641,0.401,0.437,0.305
"新北市","中和區","忠孝里","A","inner",0.727,0.697,0.512,0.594,0.259
"新北市","中和區","崇南里","A","inner",0.746,0.685,0.408,0.484,0.334
"新北市","中和區","景南里","A","inner",0.759,0.694,0.506,0.572,0.245
"新北市","中和區","橫路里","A","inner",0.579,0.576,0.622,0.694,0.162
"新北市","中和區","內南里","A","inner",0.746,0.698,0.431,0.561,0.248
"新北市","中和區","壽南里","A","inner",0.673,0.658,0.515,0.606,0.252
"新北市","中和區","外南里","A","inner",0.738,0.676,0.354,0.525,0.298
"新北市","中和區","復興里","A","inner",0.746,0.702,0.508,0.584,0.263
"新北市","中和區","和興里","A","inner",0.74,0.705,0.402,0.488,0.332
"新北市","中和區","景平里","A","inner",0.789,0.76,0.411,0.464,0.361
"新北市","中和區","景新里","A","inner",0.704,0.685,0.505,0.566,0.304
"新北市","中和區","景福里","A","inner",0.786,0.757,0.429,0.489,0.291
"新北市","中和區","景安里","A","inner",0.741,0.705,0.43,0.527,0.333
"新北市","中和區","景文里","A","inner",0.728,0.694,0.416,0.508,0.381
"新北市","中和區","錦和里","A","inner",0.741,0.651,0.321,0.416,0.36
"新北市","中和區","錦昌里","A","inner",0.686,0.656,0.466,0.539,0.371
"新北市","中和區","灰[瑤]里","A","inner",0.673,0.628,0.526,0.548,0.255
"新北市","中和區","積穗里","A","outter",0.776,0.787,0.303,0.376,0.341
"新北市","中和區","民享里","A","inner",0.609,0.577,0.363,0.533,0.268
"新北市","中和區","員山里","A","outter",0.81,0.869,0.303,0.34,0.323
"新北市","中和區","嘉穗里","A","inner",0.685,0.659,0.383,0.533,0.262
"新北市","中和區","文元里","A","outter",0.755,0.729,0.429,0.572,0.257
"新北市","中和區","嘉新里","A","inner",0.772,0.738,0.407,0.539,0.241
"新北市","中和區","民安里","A","inner",0.687,0.646,0.316,0.454,0.278
"新北市","中和區","安穗里","A","inner",0.733,0.721,0.336,0.412,0.29
"新北市","中和區","瑞穗里","A","inner",0.667,0.684,0.414,0.496,0.339
"新北市","中和區","明穗里","A","outter",0.768,0.694,0.348,0.468,0.308
"新北市","中和區","清穗里","A","outter",0.718,0.672,0.462,0.558,0.269
"新北市","中和區","自強里","A","outter",0.699,0.65,0.318,0.46,0.236
"新北市","中和區","德穗里","A","inner",0.75,0.71,0.491,0.583,0.291
"新北市","中和區","民生里","A","inner",0.689,0.658,0.386,0.496,0.326
"新北市","中和區","國光里","A","outter",0.708,0.666,0.357,0.472,0.302
"新北市","中和區","壽德里","A","inner",0.712,0.689,0.496,0.549,0.366
"新北市","中和區","明德里","A","inner",0.692,0.687,0.466,0.545,0.251
"新北市","中和區","秀水里","A","outter",0.748,0.659,0.592,0.618,0.238
"新北市","中和區","德行里","A","inner",0.77,0.753,0.256,0.319,0.476
"新北市","中和區","宜安里","A","inner",0.655,0.619,0.501,0.588,0.342
"新北市","中和區","安順里","A","inner",0.698,0.696,0.445,0.537,0.362
"新北市","中和區","秀義里","A","inner",0.659,0.623,0.463,0.534,0.306
"新北市","中和區","秀士里","A","inner",0.691,0.644,0.525,0.545,0.347
"新北市","中和區","興南里","A","inner",0.709,0.711,0.553,0.655,0.248
"新北市","中和區","景本里","A","outter",0.629,0.611,0.6,0.669,0.221
"新北市","中和區","福南里","A","inner",0.69,0.643,0.435,0.496,0.269
"新北市","中和區","中興里","A","outter",0.797,0.758,0.311,0.361,0.463
"新北市","中和區","吉興里","A","inner",0.693,0.665,0.315,0.405,0.394
"新北市","中和區","中山里","A","outter",0.678,0.657,0.41,0.514,0.306
"新北市","中和區","碧河里","B","outter",0.797,0.935,0.346,0.412,0.354
"新北市","中和區","錦中里","A","inner",0.708,0.633,0.376,0.5,0.274
"新北市","中和區","錦盛里","A","outter",0.636,0.591,0.395,0.51,0.252
"新北市","中和區","民有里","A","inner",0.699,0.667,0.448,0.553,0.256
"新北市","中和區","員富里","A","inner",0.679,0.732,0.326,0.409,0.275
"新北市","中和區","嘉慶里","A","inner",0.743,0.704,0.388,0.482,0.287
"新北市","中和區","冠穗里","A","inner",0.66,0.649,0.338,0.511,0.276
"新北市","中和區","國華里","A","inner",0.678,0.618,0.316,0.442,0.283
"新北市","中和區","正南里","A","inner",0.682,0.663,0.52,0.595,0.242
"新北市","中和區","正行里","A","inner",0.724,0.704,0.316,0.392,0.375
"新北市","永和區","福林里","A","inner",0.69,0.696,0.579,0.623,0.317
"新北市","永和區","文化里","A","inner",0.703,0.686,0.508,0.567,0.336
"新北市","永和區","豫溪里","A","outter",0.746,0.745,0.458,0.617,0.396
"新北市","永和區","光明里","A","inner",0.693,0.688,0.499,0.586,0.39
"新北市","永和區","仁愛里","A","inner",0.641,0.644,0.467,0.589,0.356
"新北市","永和區","永貞里","A","inner",0.735,0.748,0.58,0.613,0.385
"新北市","永和區","永福里","A","inner",0.652,0.642,0.542,0.637,0.41
"新北市","永和區","民治里","A","inner",0.709,0.685,0.537,0.61,0.336
"新北市","永和區","永成里","A","inner",0.567,0.563,0.668,0.71,0.265
"新北市","永和區","忠義里","A","outter",0.551,0.541,0.599,0.681,0.237
"新北市","永和區","永元里","A","inner",0.734,0.698,0.472,0.562,0.372
"新北市","永和區","秀林里","A","inner",0.701,0.661,0.472,0.556,0.34
"新北市","永和區","保安里","A","outter",0.84,0.798,0.342,0.456,0.495
"新北市","永和區","中溪里","A","inner",0.719,0.708,0.435,0.547,0.386
"新北市","永和區","永安里","A","inner",0.742,0.692,0.414,0.528,0.467
"新北市","永和區","民族里","A","inner",0.706,0.669,0.478,0.564,0.394
"新北市","永和區","民權里","A","inner",0.712,0.712,0.455,0.55,0.39
"新北市","永和區","中興里","A","inner",0.697,0.695,0.596,0.66,0.367
"新北市","永和區","勵行里","A","inner",0.627,0.639,0.528,0.575,0.292
"新北市","永和區","秀朗里","A","inner",0.703,0.665,0.448,0.551,0.312
"新北市","永和區","秀成里","A","inner",0.66,0.651,0.48,0.58,0.363
"新北市","永和區","上溪里","A","inner",0.64,0.637,0.559,0.665,0.377
"新北市","永和區","竹林里","A","inner",0.733,0.706,0.558,0.634,0.358
"新北市","永和區","雙和里","A","inner",0.748,0.753,0.443,0.516,0.47
"新北市","永和區","安和里","A","outter",0.725,0.713,0.49,0.553,0.407
"新北市","永和區","水源里","A","inner",0.715,0.701,0.496,0.561,0.399
"新北市","永和區","協和里","A","inner",0.715,0.725,0.498,0.569,0.282
"新北市","永和區","河堤里","A","inner",0.745,0.685,0.441,0.47,0.48
"新北市","永和區","頂溪里","A","outter",0.634,0.633,0.53,0.605,0.374
"新北市","永和區","潭墘里","A","inner",0.712,0.69,0.476,0.546,0.477
"新北市","永和區","潭安里","A","inner",0.748,0.702,0.478,0.544,0.406
"新北市","永和區","大新里","A","inner",0.711,0.703,0.454,0.548,0.43
"新北市","永和區","保平里","A","inner",0.737,0.71,0.46,0.544,0.374
"新北市","永和區","民本里","A","inner",0.732,0.707,0.365,0.444,0.412
"新北市","永和區","民樂里","A","outter",0.775,0.698,0.441,0.524,0.427
"新北市","永和區","光復里","A","outter",0.595,0.133,0.569,0.647,0.352
"新北市","永和區","復興里","A","inner",0.686,0.667,0.511,0.63,0.345
"新北市","永和區","福和里","A","inner",0.761,0.742,0.438,0.529,0.46
"新北市","永和區","得和里","A","inner",0.745,0.726,0.503,0.576,0.398
"新北市","永和區","智光里","A","inner",0.728,0.705,0.517,0.597,0.295
"新北市","永和區","新生里","A","outter",0.438,0.185,0.598,0.666,0.266
"新北市","永和區","新生里","A","outter",0.438,0.185,0.598,0,0.266
"新北市","永和區","新生里","A","outter",0.438,0.185,0,0.666,0.266
"新北市","永和區","新生里","A","outter",0.438,0.185,0,0,0.266
"新北市","永和區","大同里","A","outter",0.52,0.479,0.643,0.736,0.26
"新北市","永和區","前溪里","A","inner",0.656,0.649,0.502,0.575,0.366
"新北市","永和區","和平里","A","inner",0.763,0.762,0.459,0.541,0.397
"新北市","永和區","新[部]里","A","outter",0.679,0.661,0.561,0.649,0.384
"新北市","永和區","下溪里","A","inner",0.693,0.678,0.444,0.55,0.356
"新北市","永和區","秀和里","A","inner",0.767,0.748,0.401,0.536,0.383
"新北市","永和區","河濱里","A","inner",0.667,0.642,0.476,0.544,0.39
"新北市","永和區","民生里","A","outter",0.699,0.67,0.509,0.561,0.342
"新北市","永和區","秀得里","A","inner",0.653,0.628,0.383,0.519,0.357
"新北市","永和區","上林里","A","inner",0.696,0.677,0.546,0.612,0.405
"新北市","永和區","網溪里","A","inner",0.549,0.605,0.586,0.66,0.398
"新北市","永和區","正興里","A","inner",0.683,0.703,0.564,0.643,0.341
"新北市","永和區","永興里","A","inner",0.68,0.69,0.616,0.658,0.343
"新北市","永和區","桂林里","A","inner",0.65,0.685,0.547,0.616,0.377
"新北市","永和區","店街里","A","inner",0.722,0.71,0.42,0.518,0.453
"新北市","永和區","信義里","A","inner",0.726,0.721,0.477,0.558,0.407
"新北市","永和區","後溪里","A","inner",0.632,0.643,0.533,0.608,0.397
"新北市","永和區","民富里","A","inner",0.65,0.652,0.433,0.51,0.356
"新北市","永和區","秀元里","A","inner",0.683,0.664,0.522,0.586,0.314
"新北市","永和區","永樂里","A","inner",0.667,0.672,0.413,0.488,0.417
"新北市","永和區","保順里","A","outter",0.798,0.813,0.243,0.312,0.603
"新北市","新莊區","海山里","A","inner",0.738,0.709,0.429,0.519,0.287
"新北市","新莊區","頭前里","A","outter",0.813,0.887,0.238,0.276,0.281
"新北市","新莊區","國泰里","A","inner",0.537,0.636,0.536,0.643,0.263
"新北市","新莊區","全安里","A","inner",0.73,0.706,0.391,0.476,0.334
"新北市","新莊區","福基里","A","outter",0.764,0.826,0.249,0.257,0.352
"新北市","新莊區","豐年里","A","inner",0.65,0.646,0.356,0.477,0.237
"新北市","新莊區","忠孝里","A","inner",0.771,0.735,0.45,0.52,0.263
"新北市","新莊區","仁愛里","A","inner",0.735,0.706,0.465,0.561,0.175
"新北市","新莊區","立德里","A","inner",0.723,0.735,0.441,0.547,0.383
"新北市","新莊區","信義里","A","inner",0.746,0.748,0.316,0.454,0.245
"新北市","新莊區","立言里","A","inner",0.759,0.718,0.36,0.515,0.277
"新北市","新莊區","民安里","A","inner",0.726,0.726,0.243,0.36,0.272
"新北市","新莊區","和平里","A","inner",0.717,0.729,0.287,0.464,0.24
"新北市","新莊區","立功里","A","inner",0.647,0.661,0.482,0.574,0.205
"新北市","新莊區","民本里","A","inner",0.647,0.616,0.277,0.483,0.177
"新北市","新莊區","化成里","A","outter",0.731,0.829,0.343,0.431,0.262
"新北市","新莊區","立志里","A","inner",0.741,0.741,0.432,0.523,0.267
"新北市","新莊區","光華里","A","inner",0.74,0.72,0.225,0.343,0.262
"新北市","新莊區","思賢里","A","outter",0.704,0.703,0.35,0.46,0.289
"新北市","新莊區","營盤里","A","outter",0.699,0.781,0.465,0.614,0.271
"新北市","新莊區","光榮里","A","inner",0.695,0.664,0.254,0.332,0.265
"新北市","新莊區","自強里","A","inner",0.674,0.668,0.478,0.566,0.189
"新北市","新莊區","光明里","A","inner",0.732,0.699,0.233,0.374,0.217
"新北市","新莊區","自立里","A","outter",0.697,0.688,0.359,0.457,0.22
"新北市","新莊區","合鳳里","A","inner",0.702,0.673,0.32,0.452,0.194
"新北市","新莊區","幸福里","A","inner",0.706,0.692,0.386,0.501,0.201
"新北市","新莊區","自信里","A","inner",0.673,0.678,0.392,0.483,0.274
"新北市","新莊區","龍鳳里","A","outter",0.807,0.756,0.191,0.237,0.324
"新北市","新莊區","昌隆里","A","inner",0.728,0.762,0.203,0.325,0.386
"新北市","新莊區","中平里","A","inner",0.79,0.78,0.179,0.237,0.42
"新北市","新莊區","立廷里","A","outter",0.803,0.8,0.166,0.189,0.54
"新北市","新莊區","泰豐里","A","outter",0.837,0.788,0.386,0.458,0.277
"新北市","新莊區","富民里","A","inner",0.601,0.618,0.221,0.349,0.239
"新北市","新莊區","祥鳳里","A","inner",0.632,0.593,0.289,0.375,0.261
"新北市","新莊區","民全里","A","inner",0.665,0.662,0.217,0.345,0.273
"新北市","新莊區","民有里","A","inner",0.721,0.675,0.207,0.324,0.258
"新北市","新莊區","光正里","A","inner",0.69,0.658,0.202,0.293,0.303
"新北市","新莊區","光和里","A","inner",0.61,0.609,0.244,0.399,0.217
"新北市","新店區","國豐里","A","inner",0.691,0.691,0.589,0.658,0.337
"新北市","新店區","明德里","A","outter",0.734,0.736,0.496,0.597,0.399
"新北市","新店區","大豐里","A","inner",0.731,0.698,0.476,0.586,0.371
"新北市","新店區","大同里","A","inner",0.707,0.739,0.483,0.584,0.406
"新北市","新店區","江陵里","A","outter",0.726,0.787,0.421,0.538,0.498
"新北市","新店區","寶興里","A","outter",0.746,0.84,0.444,0.533,0.446
"新北市","新店區","寶安里","A","outter",0.773,0.789,0.494,0.594,0.364
"新北市","新店區","信義里","A","outter",0.772,0.786,0.407,0.508,0.401
"新北市","新店區","忠孝里","A","inner",0.662,0.619,0.469,0.537,0.314
"新北市","新店區","大鵬里","A","inner",0.677,0.61,0.506,0.565,0.469
"新北市","新店區","太平里","A","inner",0.742,0.694,0.453,0.525,0.323
"新北市","新店區","頂城里","A","inner",0.598,0.626,0.573,0.676,0.242
"新北市","新店區","下城里","A","inner",0.719,0.71,0.428,0.544,0.574
"新北市","新店區","柴埕里","A","inner",0.767,0.751,0.348,0.421,0.352
"新北市","新店區","永安里","A","inner",0.739,0.663,0.411,0.488,0.249
"新北市","新店區","公崙里","A","outter",0.823,0.8,0.357,0.422,0.379
"新北市","新店區","德安里","A","outter",0.822,0.782,0.396,0.505,0.278
"新北市","新店區","雙城里","A","outter",0.784,0.722,0.454,0.587,0.247
"新北市","新店區","日興里","A","inner",0.709,0.66,0.427,0.542,0.221
"新北市","新店區","玫瑰里","A","outter",0.768,0.702,0.394,0.517,0.276
"新北市","新店區","塗潭里","A","inner",0.697,0.692,0.773,0.798,0.171
"新北市","新店區","美潭里","A","inner",0.681,0.633,0.405,0.514,0.352
"新北市","新店區","員潭里","A","outter",0.75,0.737,0.42,0.48,0.321
"新北市","新店區","雙坑里","A","inner",0.592,0.54,0.695,0.83,0.236
"新北市","新店區","粗坑里","A","inner",0.655,0.587,0.485,0.6,0.373
"新北市","新店區","屈尺里","A","inner",0.617,0.571,0.704,0.805,0.258
"新北市","新店區","龜山里","A","inner",0.542,0.457,0.653,0.75,0.179
"新北市","新店區","廣興里","A","inner",0.686,0.597,0.694,0.775,0.222
"新北市","新店區","直潭里","A","inner",0.643,0.582,0.669,0.701,0.28
"新北市","新店區","青潭里","A","outter",0.747,0.689,0.341,0.467,0.334
"新北市","新店區","新店里","A","inner",0.681,0.65,0.547,0.641,0.287
"新北市","新店區","張南里","A","inner",0.668,0.646,0.47,0.498,0.423
"新北市","新店區","國校里","A","inner",0.665,0.619,0.403,0.512,0.337
"新北市","新店區","文中里","A","inner",0.674,0.628,0.496,0.564,0.371
"新北市","新店區","廣明里","A","inner",0.584,0.523,0.576,0.649,0.254
"新北市","新店區","文明里","A","outter",0.68,0.659,0.567,0.703,0.269
"新北市","新店區","中興里","A","outter",0.773,0.724,0.402,0.548,0.396
"新北市","新店區","新生里","A","inner",0.708,0.736,0.552,0.597,0.423
"新北市","新店區","新德里","A","inner",0.66,0.668,0.561,0.636,0.277
"新北市","新店區","張北里","A","outter",0.801,0.803,0.442,0.496,0.361
"新北市","新店區","五[峰]里","A","outter",0.823,0.8,0.463,0.557,0.379
"新北市","新店區","新安里","A","inner",0.713,0.711,0.489,0.549,0.39
"新北市","新店區","忠誠里","A","inner",0.644,0.648,0.498,0.599,0.413
"新北市","新店區","中正里","A","outter",0.797,0.775,0.591,0.641,0.382
"新北市","新店區","中華里","A","outter",0.777,0.727,0.51,0.569,0.321
"新北市","新店區","仁愛里","A","outter",0.659,0.676,0.564,0.641,0.344
"新北市","新店區","百忍里","A","inner",0.69,0.674,0.588,0.662,0.343
"新北市","新店區","百和里","A","inner",0.698,0.699,0.521,0.588,0.364
"新北市","新店區","福德里","A","inner",0.679,0.678,0.532,0.597,0.339
"新北市","新店區","百福里","A","inner",0.653,0.629,0.493,0.56,0.381
"新北市","新店區","福民里","A","outter",0.787,0.732,0.534,0.595,0.419
"新北市","新店區","中山里","A","inner",0.779,0.778,0.409,0.457,0.713
"新北市","新店區","和平里","A","outter",0.26,0.295,0.604,0.614,0.206
"新北市","新店區","中央里","A","inner",0.787,0.762,0.47,0.532,0.609
"新北市","新店區","明城里","A","inner",0.587,0.549,0.392,0.49,0.458
"新北市","新店區","安和里","A","outter",0.833,0.784,0.32,0.396,0.333
"新北市","新店區","吉祥里","A","outter",0.692,0.658,0.454,0.552,0.343
"新北市","新店區","寶福里","B","outter",0.83,0.945,0.39,0.454,0.43
"新北市","新店區","小城里","A","outter",0.707,0.662,0.468,0.557,0.424
"新北市","新店區","香坡里","A","outter",0.834,0.764,0.286,0.356,0.423
"新北市","新店區","建國里","A","outter",0.669,0.653,0.541,0.613,0.373
"新北市","新店區","復興里","B","outter",0.821,0.961,0.419,0.534,0.302
"新北市","新店區","美城里","A","inner",0.547,0.532,0.404,0.517,0.277
"新北市","新店區","安昌里","A","inner",0.737,0.715,0.256,0.35,0.412
"新北市","新店區","長春里","A","inner",0.531,0.492,0.375,0.495,0.727
"新北市","新店區","新和里","A","outter",0.726,0.685,0.338,0.432,0.318
"新北市","新店區","永平里","A","inner",0.69,0.678,0.335,0.418,0.355
"新北市","新店區","達觀里","A","outter",0.749,0.651,0.292,0.366,0.395
"新北市","新店區","華城里","A","inner",0.63,0.625,0.306,0.479,1
"新北市","樹林區","三多里","A","inner",0.711,0.76,0.273,0.433,0.199
"新北市","樹林區","樹興里","A","inner",0.696,0.648,0.373,0.455,0.27
"新北市","樹林區","樹福里","A","inner",0.728,0.721,0.409,0.47,0.414
"新北市","樹林區","金寮里","A","inner",0.707,0.684,0.322,0.432,0.23
"新北市","樹林區","彭興里","A","inner",0.758,0.724,0.24,0.399,0.218
"新北市","樹林區","文林里","A","inner",0.733,0.68,0.245,0.367,0.266
"新北市","樹林區","山佳里","A","outter",0.686,0.67,0.259,0.385,0.275
"新北市","樹林區","中山里","A","inner",0.73,0.709,0.379,0.485,0.269
"新北市","樹林區","育英里","A","inner",0.712,0.685,0.421,0.522,0.318
"新北市","樹林區","中華里","A","inner",0.655,0.661,0.226,0.314,0.277
"新北市","樹林區","太順里","A","inner",0.688,0.676,0.269,0.443,0.219
"新北市","樹林區","圳民里","A","outter",0.587,0.643,0.215,0.373,0.261
"新北市","樹林區","圳生里","A","outter",0.661,0.747,0.272,0.471,0.19
"新北市","鶯歌區","東鶯里","A","inner",0.603,0.599,0.502,0.617,0.279
"新北市","鶯歌區","西鶯里","A","inner",0.664,0.639,0.52,0.619,0.246
"新北市","鶯歌區","南鶯里","A","inner",0.766,0.753,0.42,0.496,0.314
"新北市","鶯歌區","北鶯里","A","inner",0.653,0.629,0.284,0.355,0.386
"新北市","鶯歌區","中鶯里","A","inner",0.574,0.621,0.51,0.576,0.246
"新北市","鶯歌區","建德里","A","inner",0.645,0.633,0.51,0.614,0.209
"新北市","鶯歌區","同慶里","A","inner",0.677,0.679,0.387,0.459,0.267
"新北市","鶯歌區","永昌里","A","inner",0.783,0.744,0.342,0.423,0.254
"新北市","鶯歌區","南靖里","A","inner",0.743,0.717,0.471,0.566,0.231
"新北市","鶯歌區","建國里","A","inner",0.779,0.75,0.279,0.363,0.238
"新北市","三峽區","三峽里","A","outter",0.514,0.551,0.613,0.757,0.239
"新北市","三峽區","秀川里","A","outter",0.545,0.506,0.551,0.521,0.226
"新北市","三峽區","八張里","A","inner",0.637,0.613,0.371,0.437,0.221
"新北市","三峽區","中埔里","A","inner",0.675,0.596,0.259,0.355,0.214
"新北市","三峽區","永[館]里","A","outter",0.81,0.809,0.43,0.489,0.284
"新北市","三峽區","礁溪里","A","outter",0.808,0.773,0.276,0.368,0.268
"新北市","三峽區","龍埔里","A","outter",0.858,0.816,0.3,0.361,0.289
"新北市","三峽區","嘉添里","A","inner",0.611,0.55,0.571,0.672,0.218
"新北市","三峽區","添福里","A","inner",0.621,0.582,0.537,0.645,0.139
"新北市","三峽區","溪北里","A","inner",0.642,0.606,0.535,0.627,0.227
"新北市","三峽區","溪南里","A","outter",0.599,0.582,0.578,0.658,0.197
"新北市","三峽區","溪東里","A","inner",0.614,0.58,0.441,0.57,0.194
"新北市","三峽區","成福里","A","inner",0.577,0.542,0.626,0.764,0.186
"新北市","三峽區","安坑里","A","outter",0.485,0.438,0.716,0.807,0.208
"新北市","三峽區","竹崙里","A","inner",0.619,0.546,0.557,0.707,0.14
"新北市","三峽區","介壽里","A","inner",0.758,0.738,0.237,0.352,0.202
"新北市","三峽區","安溪里","A","inner",0.761,0.716,0.272,0.382,0.279
"新北市","三峽區","中正里","A","inner",0.743,0.694,0.355,0.457,0.22
"新北市","三峽區","龍學里","A","outter",0.832,0.785,0.222,0.186,0.59
"新北市","三峽區","龍恩里","A","outter",0.861,0.827,0.214,0.204,0.522
"新北市","淡水區","中和里","A","inner",0.565,0.541,0.779,0.84,0.27
"新北市","淡水區","屯山里","A","inner",0.558,0.538,0.757,0.822,0.237
"新北市","淡水區","賢孝里","A","outter",0.631,0.608,0.587,0.66,0.244
"新北市","淡水區","興仁里","A","inner",0.629,0.584,0.574,0.689,0.247
"新北市","淡水區","蕃薯里","A","inner",0.593,0.51,0.455,0.584,0.293
"新北市","淡水區","義山里","A","inner",0.616,0.584,0.444,0.554,0.208
"新北市","淡水區","忠山里","A","outter",0.591,0.508,0.661,0.726,0.216
"新北市","淡水區","崁頂里","A","outter",0.847,0.778,0.223,0.218,0.471
"新北市","淡水區","埤島里","A","inner",0.682,0.628,0.48,0.487,0.305
"新北市","淡水區","新興里","A","outter",0.796,0.748,0.236,0.29,0.361
"新北市","淡水區","水碓里","A","outter",0.793,0.757,0.353,0.467,0.271
"新北市","淡水區","北投里","A","outter",0.843,0.774,0.228,0.217,0.436
"新北市","淡水區","水源里","A","inner",0.699,0.638,0.533,0.62,0.268
"新北市","淡水區","忠寮里","A","inner",0.567,0.517,0.74,0.826,0.242
"新北市","淡水區","樹興里","A","inner",0.648,0.606,0.515,0.607,0.291
"新北市","淡水區","坪頂里","A","inner",0.732,0.704,0.432,0.556,0.31
"新北市","淡水區","福德里","A","outter",0.806,0.784,0.318,0.435,0.501
"新北市","淡水區","竹圍里","A","outter",0.755,0.795,0.336,0.432,0.386
"新北市","淡水區","民生里","A","outter",0.826,0.803,0.368,0.441,0.359
"新北市","淡水區","八勢里","A","outter",0.844,0.861,0.321,0.38,0.548
"新北市","淡水區","竿蓁里","C","outter",0.889,0.857,0.322,0.352,0.443
"新北市","淡水區","鄧公里","A","outter",0.817,0.765,0.305,0.419,0.445
"新北市","淡水區","中興里","A","outter",0.806,0.761,0.584,0.659,0.247
"新北市","淡水區","長庚里","A","inner",0.652,0.698,0.647,0.702,0.247
"新北市","淡水區","清文里","A","inner",0.643,0.62,0.522,0.624,0.206
"新北市","淡水區","草東里","A","outter",0.676,0.706,0.568,0.704,0.278
"新北市","淡水區","協元里","A","inner",0.666,0.634,0.455,0.573,0.248
"新北市","淡水區","永吉里","A","inner",0.556,0.574,0.47,0.603,0.257
"新北市","淡水區","民安里","A","inner",0.55,0.331,0.764,0.788,0.26
"新北市","淡水區","新生里","A","inner",0.334,0.401,0.516,0.592,0.256
"新北市","汐止區","八連里","A","inner",0.647,0.599,0.473,0.599,0.218
"新北市","汐止區","樟樹里","A","outter",0.723,0.809,0.427,0.522,0.203
"新北市","汐止區","北峰里","A","inner",0.754,0.724,0.353,0.466,0.227
"新北市","汐止區","北山里","A","outter",0.8,0.825,0.293,0.432,0.309
"新北市","汐止區","白雲里","A","outter",0.771,0.824,0.357,0.435,0.412
"新北市","汐止區","橫科里","A","outter",0.796,0.856,0.432,0.569,0.311
"新北市","汐止區","東山里","A","inner",0.614,0.586,0.408,0.573,0.246
"新北市","汐止區","福山里","A","inner",0.739,0.692,0.424,0.566,0.386
"新北市","汐止區","宜興里","A","outter",0.699,0.665,0.471,0.583,0.383
"新北市","汐止區","中興里","A","outter",0.833,0.82,0.283,0.394,0.271
"新北市","汐止區","湖光里","A","outter",0.791,0.733,0.265,0.355,0.445
"新北市","汐止區","仁德里","A","outter",0.58,0.575,0.472,0.572,0.239
"新北市","汐止區","厚德里","A","inner",0.789,0.763,0.255,0.331,0.316
"新北市","汐止區","忠孝里","A","outter",0.794,0.78,0.275,0.367,0.291
"新北市","汐止區","自強里","A","outter",0.743,0.754,0.305,0.4,0.368
"新北市","汐止區","文化里","A","inner",0.711,0.717,0.294,0.364,0.324
"新北市","汐止區","金龍里","A","inner",0.742,0.687,0.263,0.381,0.317
"新北市","汐止區","福德里","A","inner",0.707,0.711,0.275,0.383,0.281
"新北市","汐止區","興福里","A","inner",0.695,0.69,0.261,0.375,0.337
"新北市","汐止區","康福里","A","outter",0.781,0.728,0.2,0.227,0.389
"新北市","汐止區","忠山里","A","outter",0.693,0.663,0.433,0.567,0.547
"新北市","汐止區","環河里","A","outter",0.636,0.78,0.432,0.553,0.244
"新北市","汐止區","東勢里","A","inner",0.719,0.74,0.355,0.443,0.575
"新北市","汐止區","山光里","A","inner",0.717,0.722,0.283,0.37,0.303
"新北市","汐止區","大同里","A","inner",0.687,0.703,0.329,0.409,0.291
"新北市","汐止區","崇德里","A","outter",0.786,0.735,0.312,0.381,0.347
"新北市","汐止區","湖興里","A","inner",0.766,0.733,0.317,0.396,0.462
"新北市","汐止區","長青里","A","inner",0.507,0.46,0.573,0.75,0.512
"新北市","汐止區","福安里","A","inner",0.74,0.711,0.249,0.277,0.505
"新北市","汐止區","秀山里","A","inner",0.694,0.69,0.331,0.448,0.421
"新北市","汐止區","建成里","A","inner",0.77,0.741,0.247,0.312,0.435
"新北市","汐止區","城中里","A","inner",0.726,0.719,0.301,0.356,0.433
"新北市","汐止區","湖蓮里","A","inner",0.753,0.717,0.325,0.387,0.642
"新北市","汐止區","保新里","A","outter",0.8,0.743,0.279,0.315,0.261
"新北市","瑞芳區","龍潭里","A","inner",0.501,0.556,0.602,0.706,0.236
"新北市","瑞芳區","龍興里","A","outter",0.621,0.619,0.521,0.631,0.335
"新北市","瑞芳區","龍鎮里","A","outter",0.595,0.55,0.676,0.721,0.2
"新北市","瑞芳區","龍川里","A","inner",0.605,0.633,0.523,0.577,0.219
"新北市","瑞芳區","龍山里","A","inner",0.58,0.549,0.504,0.607,0.188
"新北市","瑞芳區","龍安里","A","inner",0.575,0.542,0.462,0.626,0.2
"新北市","瑞芳區","爪[峰]里","A","inner",0.73,0.647,0.581,0.641,0.22
"新北市","瑞芳區","柑坪里","A","inner",0.685,0.643,0.662,0.721,0.194
"新北市","瑞芳區","東和里","A","inner",0.511,0.541,0.732,0.773,0.184
"新北市","瑞芳區","上天里","A","inner",0.626,0.578,0.619,0.727,0.18
"新北市","瑞芳區","吉慶里","A","inner",0.629,0.579,0.489,0.612,0.2
"新北市","瑞芳區","吉安里","A","inner",0.705,0.65,0.507,0.664,0.218
"新北市","瑞芳區","傑魚里","A","inner",0.667,0.624,0.514,0.641,0.154
"新北市","瑞芳區","猴硐里","A","inner",0.457,0.388,0.712,0.804,0.113
"新北市","瑞芳區","光復里","A","inner",0.459,0.39,0.769,0.859,0.188
"新北市","瑞芳區","弓橋里","A","inner",0.48,0.41,0.548,0.672,0.093
"新北市","瑞芳區","碩仁里","A","outter",0.579,0.503,0.612,0.686,0
"新北市","瑞芳區","基山里","A","outter",0.296,0.278,0.729,0.859,0.252
"新北市","瑞芳區","永慶里","A","inner",0.287,0.269,0.716,0.839,0.128
"新北市","瑞芳區","崇文里","A","inner",0,0,0.723,0.84,0.238
"新北市","瑞芳區","福住里","A","outter",0.297,0.325,0.742,0.804,0.248
"新北市","瑞芳區","頌德里","A","outter",0.351,0.375,0.858,0.904,0.179
"新北市","瑞芳區","新山里","A","outter",0.345,0.323,0.745,0.864,0.178
"新北市","瑞芳區","瓜山里","A","inner",0.33,0.269,0.699,0.888,0.179
"新北市","瑞芳區","銅山里","A","inner",0.466,0.437,1,0.97,0.2
"新北市","瑞芳區","石山里","A","outter",0.422,0.396,0.853,0.93,0.281
"新北市","瑞芳區","海濱里","A","inner",0.622,0.629,0.413,0.542,0.17
"新北市","瑞芳區","瑞濱里","A","inner",0.642,0.619,0.368,0.476,0.177
"新北市","瑞芳區","深澳里","A","inner",0.505,0.477,0.48,0.55,0.215
"新北市","瑞芳區","南雅里","A","inner",0.655,0.614,0.584,0.775,0.157
"新北市","瑞芳區","鼻頭里","A","inner",0.499,0.468,0.711,0.769,0.112
"新北市","瑞芳區","新峰里","A","inner",0.638,0.605,0.423,0.497,0.222
"新北市","土城區","埤塘里","A","outter",0.791,0.784,0.247,0.421,0.249
"新北市","土城區","土城里","A","inner",0.572,0.536,0.426,0.526,0.226
"新北市","土城區","員林里","A","outter",0.78,0.728,0.351,0.449,0.278
"新北市","土城區","員仁里","A","outter",0.775,0.834,0.338,0.466,0.21
"新北市","土城區","長風里","A","inner",0.636,0.63,0.535,0.64,0.377
"新北市","土城區","日新里","A","inner",0.751,0.72,0.344,0.473,0.232
"新北市","土城區","日和里","A","outter",0.808,0.781,0.291,0.416,0.206
"新北市","土城區","貨饒里","A","inner",0.706,0.722,0.294,0.456,0.237
"新北市","土城區","柑林里","A","inner",0.677,0.706,0.236,0.322,0.378
"新北市","土城區","埤林里","A","outter",0.795,0.783,0.236,0.387,0.35
"新北市","土城區","瑞興里","A","inner",0.679,0.651,0.402,0.52,0.246
"新北市","土城區","清水里","A","outter",0.776,0.731,0.255,0.374,0.243
"新北市","土城區","清和里","A","inner",0.707,0.7,0.311,0.44,0.208
"新北市","土城區","永豐里","A","inner",0.715,0.672,0.299,0.37,0.316
"新北市","土城區","清化里","A","outter",0.628,0.668,0.448,0.522,0.241
"新北市","蘆洲區","中華里","A","outter",0.702,0.737,0.404,0.51,0.197
"新北市","蘆洲區","得仁里","A","inner",0.732,0.734,0.347,0.461,0.227
"新北市","蘆洲區","仁德里","A","inner",0.712,0.721,0.321,0.455,0.235
"新北市","蘆洲區","仁義里","A","inner",0.689,0.697,0.224,0.349,0.279
"新北市","蘆洲區","光明里","A","inner",0.707,0.698,0.281,0.415,0.277
"新北市","蘆洲區","保新里","A","outter",0.711,0.763,0.376,0.551,0.207
"新北市","蘆洲區","長安里","A","inner",0.742,0.736,0.263,0.394,0.228
"新北市","蘆洲區","民和里","A","inner",0.628,0.636,0.436,0.554,0.223
"新北市","蘆洲區","忠孝里","A","inner",0.667,0.659,0.256,0.442,0.272
"新北市","蘆洲區","福安里","A","inner",0.682,0.686,0.277,0.423,0.233
"新北市","蘆洲區","永安里","A","inner",0.723,0.726,0.276,0.396,0.264
"新北市","蘆洲區","延平里","A","inner",0.721,0.704,0.251,0.361,0.287
"新北市","蘆洲區","成功里","A","inner",0.779,0.769,0.232,0.356,0.281
"新北市","蘆洲區","永德里","A","inner",0.725,0.722,0.239,0.376,0.248
"新北市","五股區","興珍里","A","outter",0.79,0.876,0.383,0.544,0.213
"新北市","五股區","更寮里","A","outter",0.71,0.822,0.554,0.7,0.254
"新北市","五股區","集福里","A","inner",0.591,0.595,0.334,0.395,0.242
"新北市","五股區","觀音里","A","outter",0.621,0.661,0.661,0.754,0.202
"新北市","五股區","成州里","A","inner",0.772,0.737,0.329,0.428,0.203
"新北市","五股區","成功里","A","inner",0.711,0.687,0.215,0.292,0.218
"新北市","五股區","五龍里","A","inner",0.579,0.637,0.62,0.732,0.162
"新北市","五股區","五股里","A","outter",0.741,0.754,0.367,0.477,0.242
"新北市","五股區","五福里","A","inner",0.735,0.684,0.301,0.416,0.199
"新北市","五股區","德音里","A","inner",0.751,0.736,0.253,0.377,0.326
"新北市","五股區","陸一里","A","inner",0.686,0.633,0.912,0.914,0.264
"新北市","五股區","貿商里","A","inner",0.612,0.584,0.648,0.667,0.315
"新北市","五股區","德泰里","A","inner",0.721,0.706,0.251,0.313,0.3
"新北市","五股區","成德里","A","inner",0.744,0.724,0.454,0.546,0.19
"新北市","五股區","六福里","A","inner",0.662,0.638,0.236,0.342,0.277
"新北市","五股區","集賢里","A","inner",0.702,0.658,0.286,0.401,0.203
"新北市","五股區","民義里","A","inner",0.724,0.7,0.379,0.467,0.244
"新北市","五股區","成泰里","A","outter",0.703,0.753,0.22,0.243,0.262
"新北市","五股區","水碓里","A","outter",0.827,0.831,0.266,0.401,0.267
"新北市","五股區","福德里","A","inner",0.626,0.646,0.295,0.324,0.29
"新北市","泰山區","黎明里","A","inner",0.721,0.668,0.32,0.387,0.316
"新北市","泰山區","山腳里","A","inner",0.786,0.764,0.31,0.414,0.257
"新北市","泰山區","福泰里","A","inner",0.667,0.7,0.477,0.591,0.218
"新北市","泰山區","楓樹里","A","outter",0.787,0.825,0.387,0.404,0.303
"新北市","泰山區","同榮里","A","inner",0.707,0.718,0.371,0.485,0.291
"新北市","泰山區","義學里","A","outter",0.774,0.72,0.315,0.418,0.284
"新北市","泰山區","明志里","A","inner",0.632,0.634,0.31,0.509,0.246
"新北市","泰山區","貴子里","A","inner",0.74,0.733,0.362,0.474,0.325
"新北市","泰山區","貴和里","A","outter",0.775,0.793,0.313,0.448,0.291
"新北市","泰山區","同興里","A","inner",0.719,0.709,0.352,0.392,0.357
"新北市","泰山區","義仁里","A","outter",0.768,0.826,0.252,0.297,0.319
"新北市","泰山區","泰友里","A","inner",0.604,0.611,0.405,0.531,0.274
"新北市","泰山區","新明里","A","outter",0.625,0.671,0.297,0.45,0.266
"新北市","泰山區","貴賢里","A","inner",0.694,0.727,0.372,0.472,0.32
"新北市","泰山區","福興里","A","inner",0.761,0.758,0.374,0.38,0.376
"新北市","泰山區","全興里","A","inner",0.771,0.777,0.162,0.142,0.517
"新北市","林口區","東林里","A","inner",0.711,0.714,0.389,0.501,0.244
"新北市","林口區","林口里","A","outter",0.817,0.767,0.33,0.409,0.26
"新北市","林口區","西林里","A","outter",0.807,0.781,0.283,0.334,0.437
"新北市","林口區","菁湖里","A","inner",0.712,0.696,0.406,0.504,0.414
"新北市","林口區","中湖里","A","inner",0.768,0.759,0.403,0.435,0.294
"新北市","林口區","湖北里","A","inner",0.598,0.624,0.496,0.588,0.279
"新北市","林口區","湖南里","C","outter",0.92,0.869,0.216,0.181,0.557
"新北市","林口區","嘉寶里","A","inner",0.491,0.498,0.533,0.635,0.251
"新北市","林口區","瑞平里","A","inner",0.431,0.469,0.46,0.564,0.246
"新北市","林口區","太平里","A","inner",0.44,0.478,0.426,0.444,0.222
"新北市","林口區","仁愛里","A","inner",0.783,0.755,0.275,0.338,0.6
"新北市","深坑區","深坑里","A","inner",0.659,0.613,0.365,0.505,0.36
"新北市","深坑區","萬順里","A","inner",0.631,0.674,0.397,0.465,0.256
"新北市","深坑區","土庫里","A","inner",0.669,0.632,0.412,0.512,0.251
"新北市","深坑區","昇高里","A","inner",0.68,0.647,0.465,0.593,0.272
"新北市","深坑區","阿柔里","A","outter",0.717,0.788,0.569,0.726,0.228
"新北市","深坑區","埔新里","A","outter",0.766,0.702,0.278,0.408,0.333
"新北市","深坑區","萬福里","A","outter",0.732,0.778,0.398,0.457,0.273
"新北市","深坑區","賴仲里","A","inner",0.676,0.67,0.36,0.478,0.377
"新北市","石碇區","石碇里","A","outter",0.062,0.019,0.577,0.745,0.174
"新北市","石碇區","潭邊里","A","outter",0.489,0.432,0.623,0.693,0.283
"新北市","石碇區","隆盛里","A","outter",0.492,0.448,0.651,0.766,0.168
"新北市","石碇區","烏塗里","A","outter",0.427,0.331,0.702,0.76,0.235
"新北市","石碇區","彭山里","A","outter",0.365,0.317,0.663,0.783,0.192
"新北市","石碇區","豐田里","A","outter",0.548,0.489,0.786,0.872,0.222
"新北市","石碇區","永定里","A","inner",0.498,0.451,0.616,0.698,0.182
"新北市","石碇區","中民里","A","inner",0.436,0.393,0.612,0.716,0.168
"新北市","石碇區","光明里","A","inner",0.544,0.497,0.655,0.839,0.249
"新北市","石碇區","豐林里","A","inner",0.29,0.259,0.585,0.709,0.176
"新北市","石碇區","永安里","A","inner",0.581,0.479,0.603,0.641,0.225
"新北市","石碇區","格頭里","A","outter",0.514,0.414,0.597,0.721,0.17
"新北市","坪林區","粗窟里","A","inner",0.579,0.515,0.814,0.844,0.193
"新北市","坪林區","坪林里","A","inner",0.417,0.376,0.732,0.768,0.217
"新北市","坪林區","大林里","A","outter",0.469,0.389,0.674,0.728,0.232
"新北市","坪林區","石[曹]里","A","inner",0.53,0.42,0.801,0.883,0.242
"新北市","坪林區","上德里","A","inner",0.561,0.509,0.711,0.801,0.216
"新北市","坪林區","水德里","A","outter",0.341,0.243,0.753,0.824,0.235
"新北市","坪林區","漁光里","A","inner",0.445,0.34,0.819,0.898,0.248
"新北市","三芝區","八賢里","A","outter",0.612,0.528,0.782,0.839,0.176
"新北市","三芝區","埔頭里","A","outter",0.74,0.677,0.356,0.488,0.19
"新北市","三芝區","古庄里","A","inner",0.586,0.491,0.545,0.69,0.222
"新北市","三芝區","新庄里","A","inner",0.57,0.484,0.706,0.792,0.147
"新北市","三芝區","埔坪里","A","outter",0.825,0.766,0.408,0.49,0.176
"新北市","三芝區","茂長里","A","inner",0.529,0.445,0.507,0.6,0.171
"新北市","三芝區","橫山里","A","inner",0.584,0.497,0.8,0.848,0.137
"新北市","三芝區","錫板里","A","inner",0.7,0.59,0.865,0.881,0.206
"新北市","三芝區","後厝里","A","outter",0.727,0.616,0.531,0.63,0.271
"新北市","三芝區","福德里","A","inner",0.647,0.562,0.561,0.68,0.269
"新北市","三芝區","圓山里","A","inner",0.616,0.531,0.707,0.784,0.245
"新北市","三芝區","店子里","A","inner",0.491,0.414,0.811,0.87,0.214
"新北市","三芝區","興華里","A","outter",0.491,0.414,0.592,0.733,0.231
"新北市","石門區","德茂里","A","outter",0.527,0.456,0.463,0.587,0.148
"新北市","石門區","富基里","A","inner",0.576,0.516,0.56,0.669,0.166
"新北市","石門區","老梅里","A","inner",0.541,0.471,0.595,0.65,0.155
"新北市","石門區","山溪里","A","inner",0.661,0.598,0.608,0.699,0.183
"新北市","石門區","石門里","A","inner",0.541,0.478,0.511,0.593,0.194
"新北市","石門區","尖鹿里","A","inner",0.419,0.355,0.496,0.556,0.169
"新北市","石門區","乾華里","A","inner",0.489,0.42,0.752,0.775,0.192
"新北市","石門區","茂林里","A","inner",0.419,0.354,0.644,0.698,0.3
"新北市","石門區","草里里","A","inner",0.434,0.369,0.544,0.618,0.167
"新北市","八里區","龍源里","A","outter",0.85,0.811,0.32,0.443,0.301
"新北市","八里區","米倉里","A","inner",0.787,0.772,0.407,0.494,0.27
"新北市","八里區","大崁里","A","inner",0.763,0.766,0.319,0.372,0.279
"新北市","八里區","埤頭里","A","inner",0.708,0.721,0.365,0.449,0.258
"新北市","八里區","頂罟里","A","inner",0.762,0.75,0.322,0.407,0.23
"新北市","八里區","舊城里","A","outter",0.781,0.753,0.278,0.392,0.249
"新北市","八里區","訊塘里","A","outter",0.792,0.793,0.316,0.386,0.249
"新北市","八里區","荖阡里","A","inner",0.631,0.603,0.481,0.536,0.229
"新北市","八里區","長坑里","A","inner",0.621,0.637,0.666,0.743,0.192
"新北市","八里區","下罟里","A","inner",0.496,0.52,0.54,0.614,0.211
"新北市","平溪區","薯榔里","A","inner",0.389,0.312,0.843,0.907,0.1
"新北市","平溪區","菁桐里","A","outter",0.226,0.16,0.633,0.751,0.15
"新北市","平溪區","白石里","A","outter",0.253,0.185,0.643,0.699,0.175
"新北市","平溪區","石底里","A","inner",0.373,0.298,0.905,0.94,0.162
"新北市","平溪區","平溪里","A","inner",0.347,0.274,0.787,0.906,0.102
"新北市","平溪區","嶺腳里","A","inner",0.413,0.339,0.81,0.894,0.133
"新北市","平溪區","東勢里","A","inner",0.586,0.497,0.842,0.906,0.23
"新北市","平溪區","望古里","A","inner",0.455,0.379,0.739,0.754,0.258
"新北市","平溪區","南山里","A","outter",0.456,0.38,0.894,0.91,0.167
"新北市","平溪區","平湖里","A","outter",0.459,0.383,0.821,0.804,0.15
"新北市","平溪區","十分里","A","inner",0.298,0.232,0.919,0.968,0.145
"新北市","平溪區","新寮里","A","inner",0.483,0.406,0.748,0.906,0.265
"新北市","雙溪區","雙溪里","A","inner",0.154,0.115,0.758,0.886,0.172
"新北市","雙溪區","共和里","A","outter",0.359,0.28,0.802,0.827,0.184
"新北市","雙溪區","新基里","A","inner",0.589,0.523,0.8,0.843,0.162
"新北市","雙溪區","魚行里","A","inner",0.638,0.565,0.708,0.834,0.186
"新北市","雙溪區","三港里","A","inner",0.498,0.414,0.942,1,0.315
"新北市","雙溪區","牡丹里","A","inner",0.594,0.507,0.819,0.9,0.189
"新北市","雙溪區","三貂里","A","inner",0.584,0.495,0.682,0.788,0.146
"新北市","雙溪區","平林里","A","outter",0.486,0.402,0.686,0.783,0.246
"新北市","雙溪區","上林里","A","inner",0.397,0.304,0.912,0.944,0.188
"新北市","雙溪區","外柑里","A","outter",0.429,0.334,0.783,0.919,0.191
"新北市","雙溪區","長源里","A","inner",0.431,0.336,0.862,0.94,0.17
"新北市","雙溪區","泰平里","A","outter",0.635,0.527,0.755,0.844,0.193
"新北市","貢寮區","貢寮里","A","inner",0.394,0.331,0.853,0.875,0.182
"新北市","貢寮區","吉林里","A","outter",0.594,0.516,0.644,0.81,0.124
"新北市","貢寮區","雙玉里","A","outter",0.611,0.56,0.871,0.917,0.197
"新北市","貢寮區","龍崗里","A","inner",0.453,0.384,0.8,0.903,0.134
"新北市","貢寮區","龍門里","A","inner",0.511,0.486,0.827,0.887,0.179
"新北市","貢寮區","福隆里","A","inner",0.582,0.54,0.838,0.848,0.142
"新北市","貢寮區","仁里里","A","outter",0.599,0.555,0.611,0.67,0.177
"新北市","貢寮區","真理里","A","inner",0.664,0.637,0.715,0.739,0.149
"新北市","貢寮區","福連里","A","inner",0.633,0.633,0.769,0.894,0.163
"新北市","貢寮區","美豐里","A","inner",0.544,0.543,0.968,0.997,0.221
"新北市","貢寮區","和美里","A","inner",0.583,0.58,0.797,0.828,0.177
"新北市","金山區","和平里","A","inner",0.545,0.556,0.719,0.755,0.174
"新北市","金山區","大同里","A","inner",0.393,0.39,0.757,0.844,0.238
"新北市","金山區","豐漁里","A","inner",0.59,0.575,0.783,0.767,0.137
"新北市","金山區","磺港里","A","inner",0.566,0.541,0.698,0.735,0.116
"新北市","金山區","美田里","A","inner",0.659,0.611,0.405,0.488,0.22
"新北市","金山區","五湖里","A","inner",0.616,0.551,0.594,0.645,0.189
"新北市","金山區","重和里","A","inner",0.718,0.619,0.573,0.69,0.166
"新北市","金山區","兩湖里","A","inner",0.569,0.502,0.755,0.787,0.089
"新北市","金山區","六股里","A","inner",0.528,0.463,0.687,0.748,0.166
"新北市","金山區","三界里","A","inner",0.548,0.482,0.873,0.921,0.125
"新北市","金山區","清泉里","A","outter",0.457,0.405,0.72,0.801,0.17
"新北市","金山區","萬壽里","A","inner",0.456,0.412,0.832,0.831,0.225
"新北市","金山區","西湖里","A","outter",0.522,0.474,0.93,0.909,0.248
"新北市","金山區","永興里","A","outter",0.539,0.491,0.785,0.864,0.133
"新北市","金山區","金美里","A","inner",0.692,0.718,0.441,0.536,0.162
"新北市","萬里區","萬里里","A","inner",0.662,0.629,0.56,0.61,0.176
"新北市","萬里區","龜吼里","A","inner",0.738,0.657,0.5,0.623,0.228
"新北市","萬里區","野柳里","A","inner",0.689,0.667,0.52,0.63,0.181
"新北市","萬里區","大鵬里","A","inner",0.675,0.654,0.631,0.672,0.161
"新北市","萬里區","磺潭里","A","inner",0.453,0.37,0.736,0.83,0.251
"新北市","萬里區","雙興里","A","inner",0.5,0.415,0.906,0.996,0.237
"新北市","萬里區","溪底里","A","inner",0.505,0.419,0.823,0.869,0.245
"新北市","萬里區","崁[腳]里","A","inner",0.498,0.449,0.779,0.822,0.18
"新北市","萬里區","中幅里","A","inner",0.611,0.568,0.657,0.734,0.186
"新北市","萬里區","北基里","A","inner",0.705,0.6,0.504,0.648,0.151
"新北市","烏來區","烏來里","A","inner",0.57,0.646,0.51,0.599,0.319
"新北市","烏來區","忠治里","A","outter",0.511,0.587,0.419,0.475,0.236
"新北市","烏來區","孝義里","A","inner",0.408,0.419,0.826,0.879,0.236
"新北市","瑞芳區","濂洞里","A","outter",0.3,0.281,0.826,0.94,0.268
"新北市","瑞芳區","濂新里","A","outter",0.509,0.477,0.804,0.814,0.17
"新北市","林口區","頂福里","A","inner",0.568,0.565,0.674,0.733,0.222
"新北市","林口區","下福里","A","inner",0.492,0.499,0.573,0.574,0.31
"新北市","林口區","麗林里","A","outter",0.816,0.778,0.194,0.23,0.599
"新北市","林口區","南勢里","C","outter",0.909,0.843,0.216,0.185,0.641
"新北市","泰山區","大科里","A","inner",0.617,0.634,0.528,0.634,0.22
"新北市","林口區","東勢里","A","inner",0.742,0.701,0.306,0.414,0.364
"新北市","林口區","麗園里","A","inner",0.719,0.696,0.328,0.456,0.319
"新北市","新莊區","丹鳳里","A","outter",0.842,0.77,0.254,0.322,0.253
"新北市","新莊區","雙鳳里","A","outter",0.814,0.799,0.208,0.22,0.356
"新北市","新莊區","龍福里","A","inner",0.621,0.567,0.263,0.351,0.301
"新北市","樹林區","三龍里","A","outter",0.696,0.765,0.339,0.497,0.246
"新北市","樹林區","三興里","A","outter",0.745,0.657,0.317,0.46,0.209
"新北市","樹林區","三福里","A","inner",0.703,0.703,0.426,0.498,0.207
"新北市","樹林區","光興里","A","inner",0.656,0.635,0.252,0.383,0.22
"新北市","樹林區","潭底里","A","inner",0.763,0.764,0.382,0.51,0.258
"新北市","樹林區","坡內里","A","inner",0.605,0.623,0.445,0.529,0.193
"新北市","樹林區","東山里","A","outter",0.729,0.794,0.368,0.516,0.198
"新北市","樹林區","樂山里","A","inner",0.566,0.591,0.58,0.659,0.248
"新北市","鶯歌區","東湖里","A","outter",0.585,0.576,0.432,0.609,0.143
"新北市","鶯歌區","中湖里","A","inner",0.771,0.728,0.361,0.462,0.22
"新北市","鶯歌區","鳳鳴里","A","inner",0.748,0.692,0.364,0.485,0.227
"新北市","鶯歌區","大湖里","A","inner",0.733,0.689,0.403,0.539,0.241
"新北市","鶯歌區","鳳福里","A","inner",0.704,0.69,0.393,0.513,0.211
"新北市","鶯歌區","尖山里","A","outter",0.821,0.785,0.325,0.399,0.252
"新北市","鶯歌區","永吉里","A","inner",0.74,0.691,0.339,0.438,0.208
"新北市","鶯歌區","鳳祥里","A","inner",0.749,0.711,0.328,0.442,0.229
"新北市","鶯歌區","二橋里","A","inner",0.773,0.741,0.363,0.409,0.247
"新北市","鶯歌區","二甲里","A","inner",0.622,0.615,0.519,0.626,0.218
"新北市","三峽區","弘道里","A","inner",0.633,0.588,0.567,0.598,0.186
"新北市","三峽區","鳶山里","A","outter",0.846,0.821,0.324,0.409,0.228
"新北市","三峽區","大埔里","A","outter",0.734,0.69,0.476,0.578,0.285
"新北市","三峽區","二鬮里","A","inner",0.615,0.59,0.307,0.43,0.238
"新北市","三峽區","金圳里","A","inner",0.61,0.557,0.659,0.797,0.156
"新北市","三峽區","五寮里","A","outter",0.526,0.459,0.784,0.826,0.167
"新北市","三峽區","有木里","A","inner",0.617,0.562,0.711,0.831,0.19
"新北市","三峽區","插角里","A","inner",0.508,0.442,0.823,0.876,0.244
"新北市","烏來區","福山里","A","inner",0.508,0.512,0.359,0.361,0.22
"新北市","烏來區","信賢里","A","inner",0.31,0.327,0.566,0.622,0.262
